Category,Product Name,Image URL,Product Count,Product URL
Poutrelles,Poutrelles,images/20230407094907.jpg,4,https://soquibat.tn/produits/Poutrelles
Tôles,Tôles,images/20230323105421.jpg,15,https://soquibat.tn/produits/Tôles
Tubes soudés en acier,Tubes soudés en acier,images/20230329084039.jpg,6,https://soquibat.tn/produits/Tubes-soudés-en-acier
Panneaux Sandwich & Portes Frigorifiques,Panneaux Sandwich & Portes Frigorifiques,images/20230323111853.JPG,7,https://soquibat.tn/produits/Panneaux-Sandwich-Portes-Frigorifiques
Lames rideaux et accessoires portes,Lames rideaux et accessoires portes,images/20230323113632.JPG,10,https://soquibat.tn/produits/Lames-rideaux-et-accessoires-portes
Pannes C et Z,Pannes C et Z,images/20230330122123.png,2,https://soquibat.tn/produits/Pannes-C-et-Z
Fer marchands,Fer marchands,images/20220904184154.jpeg,6,https://soquibat.tn/produits/Fer-marchands
Accessoires Charpente,Accessoires Charpente,images/20230407111431.png,4,https://soquibat.tn/produits/Accessoires-Charpente
Aciers Spéciaux,Aciers Spéciaux,images/20230407110828.jpeg,3,https://soquibat.tn/produits/Aciers-Spéciaux
Ossature métallique,Ossature métallique,images/20240919142327.png,4,https://soquibat.tn/produits/Ossature métallique pour placoplâtre
